training_id,Expected_Hs,Expected_Ha,Expected_Hw
PG_trainval_Call_D0a_Wall_Tall,2.6042300410078685,1.54936097170991,1.054869069297956
PG_trainval_Call_D0b_Wall_Tall,2.9410169630914833,1.496269618213636,1.4447473448778472
PG_trainval_Call_D0c_Wall_Tall,2.7998421544681182,1.4018751103806284,1.397967044087498
PG_trainval_Call_D1a_Wall_Tall,2.799728171624557,1.4041543779612375,1.3955737936633288
PG_trainval_Call_D1b_Wall_Tall,2.747029095722945,1.2666953046154446,1.4803337911075234
PG_trainval_Call_D1c_Wall_Tall,2.398902415703943,1.1177780587241755,1.2811243569797413
